epoch,train_loss
0,10364.385059600516
1,9104.454799250967
2,7118.59223179768
3,4461.556999536888
4,2489.4371034602527
5,2044.7665892296232
6,1943.956969333924
7,1902.2734562510068
8,1896.2704106596327
9,1894.7929002899484
10,1889.890261305976
11,1891.304029327078
12,1891.7355914243717
13,1889.9823171713917
14,1891.5231646665593
15,1889.0991404739852
