epoch,train_loss
0,10330.606916478737
1,9163.460325386597
2,7349.893568782217
3,5050.785329917043
4,3053.960601240335
5,2323.2911281310408
6,2030.4329806298324
7,1939.3038023014658
8,1908.7796496204494
9,1891.6437880053963
10,1878.9482202903512
11,1875.2140735744201
12,1866.1098431459407
13,1862.6446947235422
14,1861.3151421301143
15,1853.6774182506442
16,1854.6367663196681
17,1852.9737156189594
18,1848.659056610422
